{
	"info": {
		"_postman_id": "f90e41cf-6575-4b31-a25e-79026ea3d1a3",
		"name": "ugram-backend",
		"description": "Contact Support:\n Name: Team 3 for course GLO-3112 ",
		"schema": "https://schema.getpostman.com/json/collection/v2.1.0/collection.json"
	},
	"item": [
		{
			"name": "users",
			"item": [
				{
					"name": "{username}",
					"item": [
						{
							"name": "posts",
							"item": [
								{
									"name": "Get user's posts",
									"request": {
										"method": "GET",
										"header": [],
										"url": {
											"raw": "{{baseUrl}}/users/{{user.username}}/posts",
											"host": [
												"{{baseUrl}}"
											],
											"path": [
												"users",
												"{{user.username}}",
												"posts"
											]
										}
									},
									"response": [
										{
											"name": "Ok",
											"originalRequest": {
												"method": "GET",
												"header": [],
												"url": {
													"raw": "{{baseUrl}}/users/:username",
													"host": [
														"{{baseUrl}}"
													],
													"path": [
														"users",
														":username"
													],
													"variable": [
														{
															"key": "username"
														}
													]
												}
											},
											"status": "OK",
											"code": 200,
											"_postman_previewlanguage": "json",
											"header": [
												{
													"key": "Content-Type",
													"value": "application/json"
												}
											],
											"cookie": [],
											"body": "{}"
										}
									]
								},
								{
									"name": "Create post",
									"event": [
										{
											"listen": "test",
											"script": {
												"exec": [
													"const location = pm.response.headers.get(\"Location\");",
													"const postId = location.split(\"/\")[4];",
													"",
													"postman.setEnvironmentVariable(\"post.postId\", postId);"
												],
												"type": "text/javascript"
											}
										}
									],
									"request": {
										"method": "POST",
										"header": [
											{
												"key": "Content-Type",
												"value": "application/json"
											}
										],
										"body": {
											"mode": "raw",
											"raw": "{\n    \"reference\": \"{{post.reference}}\",\n    \"hashtags\": [\n        \"{{post.hashtags.firstHashtag}}\",\n        \"{{post.hashtags.secondHashtag}}\"\n    ],\n    \"usertags\": [],\n    \"description\": \"{{post.description}}\"\n}"
										},
										"url": {
											"raw": "{{baseUrl}}/users/{{user.username}}/posts",
											"host": [
												"{{baseUrl}}"
											],
											"path": [
												"users",
												"{{user.username}}",
												"posts"
											]
										}
									},
									"response": [
										{
											"name": "Untitled Response",
											"originalRequest": {
												"method": "POST",
												"header": [],
												"body": {
													"mode": "raw",
													"raw": "{\n    \"reference\": \"<string>\",\n    \"hashtags\": [\n        \"<string>\",\n        \"<string>\"\n    ],\n    \"description\": \"<string>\"\n}"
												},
												"url": {
													"raw": "{{baseUrl}}/users/:username/posts",
													"host": [
														"{{baseUrl}}"
													],
													"path": [
														"users",
														":username",
														"posts"
													],
													"variable": [
														{
															"key": "username"
														}
													]
												}
											},
											"_postman_previewlanguage": "json",
											"header": [
												{
													"key": "Content-Type",
													"value": "application/json"
												}
											],
											"cookie": [],
											"body": "{\n \"id\": \"exercitation eu irure nisi consequat\",\n \"reference\": \"proident amet\",\n \"hashtags\": [\n  \"esse in\",\n  \"deserunt qui in aliqua\"\n ],\n \"user\": \"id sint\",\n \"createdAt\": \"2000-04-29T14:06:11.130Z\",\n \"description\": \"voluptate tempor\"\n}"
										}
									]
								}
							]
						},
						{
							"name": "Get user",
							"request": {
								"method": "GET",
								"header": [],
								"url": {
									"raw": "{{baseUrl}}/users/{{user.username}}",
									"host": [
										"{{baseUrl}}"
									],
									"path": [
										"users",
										"{{user.username}}"
									]
								}
							},
							"response": [
								{
									"name": "Ok",
									"originalRequest": {
										"method": "GET",
										"header": [],
										"url": {
											"raw": "{{baseUrl}}/users/:username",
											"host": [
												"{{baseUrl}}"
											],
											"path": [
												"users",
												":username"
											],
											"variable": [
												{
													"key": "username"
												}
											]
										}
									},
									"status": "OK",
									"code": 200,
									"_postman_previewlanguage": "json",
									"header": [
										{
											"key": "Content-Type",
											"value": "application/json"
										}
									],
									"cookie": [],
									"body": "{}"
								}
							]
						},
						{
							"name": "Modify user",
							"request": {
								"method": "PATCH",
								"header": [],
								"body": {
									"mode": "raw",
									"raw": "{\n    \"email\": \"{{user.email.new}}\",\n    \"phoneNumber\": \"{{user.phoneNumber.new}}\",\n    \"firstName\": \"{{user.firstName.new}}\",\n    \"lastName\": \"{{user.lastName.new}}\",\n    \"description\": \"{{user.description}}\",\n    \"avatarReference\": \"{{user.avatarReference}}\"\n}",
									"options": {
										"raw": {
											"language": "json"
										}
									}
								},
								"url": {
									"raw": "{{baseUrl}}/users/{{user.username}}",
									"host": [
										"{{baseUrl}}"
									],
									"path": [
										"users",
										"{{user.username}}"
									]
								}
							},
							"response": [
								{
									"name": "Ok",
									"originalRequest": {
										"method": "GET",
										"header": [],
										"url": {
											"raw": "{{baseUrl}}/users/:username",
											"host": [
												"{{baseUrl}}"
											],
											"path": [
												"users",
												":username"
											],
											"variable": [
												{
													"key": "username"
												}
											]
										}
									},
									"status": "OK",
									"code": 200,
									"_postman_previewlanguage": "json",
									"header": [
										{
											"key": "Content-Type",
											"value": "application/json"
										}
									],
									"cookie": [],
									"body": "{}"
								}
							]
						}
					]
				},
				{
					"name": "Get users",
					"request": {
						"method": "GET",
						"header": [],
						"url": {
							"raw": "{{baseUrl}}/users",
							"host": [
								"{{baseUrl}}"
							],
							"path": [
								"users"
							]
						}
					},
					"response": [
						{
							"name": "Ok",
							"originalRequest": {
								"method": "GET",
								"header": [],
								"url": {
									"raw": "{{baseUrl}}/users",
									"host": [
										"{{baseUrl}}"
									],
									"path": [
										"users"
									]
								}
							},
							"status": "OK",
							"code": 200,
							"_postman_previewlanguage": "json",
							"header": [
								{
									"key": "Content-Type",
									"value": "application/json"
								}
							],
							"cookie": [],
							"body": "{}"
						}
					]
				},
				{
					"name": "Create user",
					"request": {
						"method": "POST",
						"header": [
							{
								"key": "Content-Type",
								"value": "application/json"
							}
						],
						"body": {
							"mode": "raw",
							"raw": "{\n    \"username\": \"{{user.username}}\",\n    \"email\": \"{{user.email}}\",\n    \"phoneNumber\": \"{{user.phoneNumber}}\",\n    \"firstName\": \"{{user.firstName}}\",\n    \"lastName\": \"{{user.lastName}}\"\n}"
						},
						"url": {
							"raw": "{{baseUrl}}/users",
							"host": [
								"{{baseUrl}}"
							],
							"path": [
								"users"
							]
						}
					},
					"response": [
						{
							"name": "Untitled Response",
							"originalRequest": {
								"method": "POST",
								"header": [],
								"body": {
									"mode": "raw",
									"raw": "{\n    \"username\": \"<string>\",\n    \"email\": \"<string>\",\n    \"phoneNumber\": \"<string>\",\n    \"firstName\": \"<string>\",\n    \"lastName\": \"<string>\"\n}"
								},
								"url": {
									"raw": "{{baseUrl}}/users",
									"host": [
										"{{baseUrl}}"
									],
									"path": [
										"users"
									]
								}
							},
							"_postman_previewlanguage": "text",
							"header": [
								{
									"key": "Content-Type",
									"value": "text/plain"
								}
							],
							"cookie": [],
							"body": ""
						}
					]
				}
			]
		},
		{
			"name": "posts",
			"item": [
				{
					"name": "{postId}",
					"item": [
						{
							"name": "Get post",
							"request": {
								"method": "GET",
								"header": [],
								"url": {
									"raw": "{{baseUrl}}/posts/{{post.postId}}",
									"host": [
										"{{baseUrl}}"
									],
									"path": [
										"posts",
										"{{post.postId}}"
									]
								}
							},
							"response": [
								{
									"name": "Ok",
									"originalRequest": {
										"method": "GET",
										"header": [],
										"url": {
											"raw": "{{baseUrl}}/users/:username",
											"host": [
												"{{baseUrl}}"
											],
											"path": [
												"users",
												":username"
											],
											"variable": [
												{
													"key": "username"
												}
											]
										}
									},
									"status": "OK",
									"code": 200,
									"_postman_previewlanguage": "json",
									"header": [
										{
											"key": "Content-Type",
											"value": "application/json"
										}
									],
									"cookie": [],
									"body": "{}"
								}
							]
						},
						{
							"name": "Modify post",
							"request": {
								"method": "PATCH",
								"header": [],
								"body": {
									"mode": "raw",
									"raw": "{\n    \"hashtags\": [\n        \"{{post.hashtags.firstHashtag.new}}\",\n        \"{{post.hashtags.secondHashtag.new}}\"\n    ],\n    \"usertags\": [],\n    \"description\": \"{{post.description.new}}\"\n}",
									"options": {
										"raw": {
											"language": "json"
										}
									}
								},
								"url": {
									"raw": "{{baseUrl}}/posts/{{post.postId}}",
									"host": [
										"{{baseUrl}}"
									],
									"path": [
										"posts",
										"{{post.postId}}"
									]
								}
							},
							"response": [
								{
									"name": "Ok",
									"originalRequest": {
										"method": "GET",
										"header": [],
										"url": {
											"raw": "{{baseUrl}}/users/:username",
											"host": [
												"{{baseUrl}}"
											],
											"path": [
												"users",
												":username"
											],
											"variable": [
												{
													"key": "username"
												}
											]
										}
									},
									"status": "OK",
									"code": 200,
									"_postman_previewlanguage": "json",
									"header": [
										{
											"key": "Content-Type",
											"value": "application/json"
										}
									],
									"cookie": [],
									"body": "{}"
								}
							]
						},
						{
							"name": "Delete post",
							"request": {
								"method": "DELETE",
								"header": [],
								"url": {
									"raw": "{{baseUrl}}/posts/{{post.postId}}",
									"host": [
										"{{baseUrl}}"
									],
									"path": [
										"posts",
										"{{post.postId}}"
									]
								}
							},
							"response": [
								{
									"name": "Ok",
									"originalRequest": {
										"method": "GET",
										"header": [],
										"url": {
											"raw": "{{baseUrl}}/users/:username",
											"host": [
												"{{baseUrl}}"
											],
											"path": [
												"users",
												":username"
											],
											"variable": [
												{
													"key": "username"
												}
											]
										}
									},
									"status": "OK",
									"code": 200,
									"_postman_previewlanguage": "json",
									"header": [
										{
											"key": "Content-Type",
											"value": "application/json"
										}
									],
									"cookie": [],
									"body": "{}"
								}
							]
						}
					]
				},
				{
					"name": "Get posts",
					"request": {
						"method": "GET",
						"header": [],
						"url": {
							"raw": "{{baseUrl}}/posts",
							"host": [
								"{{baseUrl}}"
							],
							"path": [
								"posts"
							]
						}
					},
					"response": [
						{
							"name": "Ok",
							"originalRequest": {
								"method": "GET",
								"header": [],
								"url": {
									"raw": "{{baseUrl}}/users/:username",
									"host": [
										"{{baseUrl}}"
									],
									"path": [
										"users",
										":username"
									],
									"variable": [
										{
											"key": "username"
										}
									]
								}
							},
							"status": "OK",
							"code": 200,
							"_postman_previewlanguage": "json",
							"header": [
								{
									"key": "Content-Type",
									"value": "application/json"
								}
							],
							"cookie": [],
							"body": "{}"
						}
					]
				}
			]
		}
	],
	"variable": [
		{
			"key": "baseUrl",
			"value": "/",
			"type": "string"
		}
	]
}