{
	"id": "ad196c46-3ee5-4a52-9408-9c528c97f1bd",
	"name": "ugram-backend",
	"values": [
		{
			"key": "baseUrl",
			"value": "localhost:4000",
			"enabled": true
		},
		{
			"key": "user.username",
			"value": "myusername",
			"enabled": true
		},
		{
			"key": "user.username.other",
			"value": "360noscope",
			"enabled": true
		},
		{
			"key": "user.username.2",
			"value": "otherusername",
			"enabled": true
		},
		{
			"key": "user.email",
			"value": "email@domain.com",
			"enabled": true
		},
		{
			"key": "user.email.new",
			"value": "newemail@domain.com",
			"enabled": true
		},
		{
			"key": "user.email.other",
			"value": "other@email.com",
			"enabled": true
		},
		{
			"key": "user.email.2",
			"value": "otheremail@domain.com",
			"enabled": true
		},
		{
			"key": "user.phoneNumber",
			"value": "123-456-7890",
			"enabled": true
		},
		{
			"key": "user.phoneNumber.new",
			"value": "111-111-1111",
			"enabled": true
		},
		{
			"key": "user.phoneNumber.other",
			"value": "222-222-2222",
			"enabled": true
		},
		{
			"key": "user.phoneNumber.2",
			"value": "234-567-8901",
			"enabled": true
		},
		{
			"key": "user.firstName",
			"value": "John",
			"enabled": true
		},
		{
			"key": "user.firstName.new",
			"value": "New",
			"enabled": true
		},
		{
			"key": "user.firstName.other",
			"value": "Mark",
			"enabled": true
		},
		{
			"key": "user.firstName.2",
			"value": "Jane",
			"enabled": true
		},
		{
			"key": "user.lastName",
			"value": "Doe",
			"enabled": true
		},
		{
			"key": "user.lastName.new",
			"value": "Name",
			"enabled": true
		},
		{
			"key": "user.lastName.other",
			"value": "Tremblay",
			"enabled": true
		},
		{
			"key": "user.lastName.2",
			"value": "Doe",
			"enabled": true
		},
		{
			"key": "user.description",
			"value": "My description",
			"enabled": true
		},
		{
			"key": "user.avatarReference",
			"value": "avatarReference",
			"enabled": true
		},
		{
			"key": "post.reference",
			"value": "reference",
			"enabled": true
		},
		{
			"key": "post.reference.2",
			"value": "reference2",
			"enabled": true
		},
		{
			"key": "post.hashtags.firstHashtag",
			"value": "firstHashtag",
			"enabled": true
		},
		{
			"key": "post.hashtags.firstHashtag.new",
			"value": "newHashtag",
			"enabled": true
		},
		{
			"key": "post.hashtags.firstHashtag.2",
			"value": "firstHashtag2",
			"enabled": true
		},
		{
			"key": "post.hashtags.secondHashtag",
			"value": "secondHashtag",
			"enabled": true
		},
		{
			"key": "post.hashtags.secondHashtag.new",
			"value": "otherNewHashtag",
			"enabled": true
		},
		{
			"key": "post.hashtags.secondHashtag.2",
			"value": "secondHashtag2",
			"enabled": true
		},
		{
			"key": "post.description",
			"value": "Ma belle description",
			"enabled": true
		},
		{
			"key": "post.description.new",
			"value": "Nouvelle description",
			"enabled": true
		},
		{
			"key": "post.description.2",
			"value": "Mon autre belle description",
			"enabled": true
		},
		{
			"key": "post.postId",
			"value": "",
			"enabled": true
		},
		{
			"key": "post.postId.nonExistent",
			"value": "60269ea176d03b111c729f76",
			"enabled": true
		}
	],
	"_postman_variable_scope": "environment",
	"_postman_exported_at": "2021-02-13T15:20:00.667Z",
	"_postman_exported_using": "Postman/7.36.4"
}
