{
	"components": {
		"examples": {},
		"headers": {},
		"parameters": {},
		"requestBodies": {},
		"responses": {},
		"schemas": {
			"SavedPost": {
				"properties": {
					"_id": {
						"type": "string"
					},
					"reference": {
						"type": "string"
					},
					"description": {
						"type": "string"
					},
					"hashtags": {
						"items": {
							"type": "string"
						},
						"type": "array"
					},
					"usertags": {
						"items": {
							"type": "string"
						},
						"type": "array"
					},
					"user": {
						"type": "string"
					},
					"userAvatar": {
						"type": "string"
					},
					"createdAt": {
						"type": "string",
						"format": "date-time"
					}
				},
				"required": [
					"_id",
					"reference",
					"hashtags",
					"usertags",
					"user",
					"createdAt"
				],
				"type": "object",
				"additionalProperties": true
			},
			"PostModificationParams": {
				"properties": {
					"description": {
						"type": "string"
					},
					"hashtags": {
						"items": {
							"type": "string"
						},
						"type": "array"
					},
					"usertags": {
						"items": {
							"type": "string"
						},
						"type": "array"
					}
				},
				"type": "object",
				"additionalProperties": true
			},
			"User": {
				"properties": {
					"username": {
						"type": "string"
					},
					"email": {
						"type": "string"
					},
					"phoneNumber": {
						"type": "string"
					},
					"firstName": {
						"type": "string"
					},
					"lastName": {
						"type": "string"
					},
					"description": {
						"type": "string"
					},
					"avatarReference": {
						"type": "string"
					}
				},
				"required": [
					"username",
					"email",
					"phoneNumber",
					"firstName",
					"lastName"
				],
				"type": "object",
				"additionalProperties": true
			},
			"UserCreationParams": {
				"properties": {
					"username": {
						"type": "string"
					},
					"email": {
						"type": "string"
					},
					"phoneNumber": {
						"type": "string"
					},
					"firstName": {
						"type": "string"
					},
					"lastName": {
						"type": "string"
					}
				},
				"required": [
					"username",
					"email",
					"phoneNumber",
					"firstName",
					"lastName"
				],
				"type": "object",
				"additionalProperties": true
			},
			"UserModificationParams": {
				"properties": {
					"email": {
						"type": "string"
					},
					"phoneNumber": {
						"type": "string"
					},
					"firstName": {
						"type": "string"
					},
					"lastName": {
						"type": "string"
					},
					"description": {
						"type": "string"
					},
					"avatarReference": {
						"type": "string"
					}
				},
				"type": "object",
				"additionalProperties": true
			},
			"PostCreationParams": {
				"properties": {
					"reference": {
						"type": "string"
					},
					"description": {
						"type": "string"
					},
					"hashtags": {
						"items": {
							"type": "string"
						},
						"type": "array"
					},
					"usertags": {
						"items": {
							"type": "string"
						},
						"type": "array"
					}
				},
				"required": [
					"reference",
					"hashtags",
					"usertags"
				],
				"type": "object",
				"additionalProperties": true
			}
		},
		"securitySchemes": {}
	},
	"info": {
		"title": "ugram-backend",
		"version": "1.0.0",
		"license": {
			"name": "MIT"
		},
		"contact": {
			"name": "Team 3 for course GLO-3112 ",
			"url": "Winter 2021"
		}
	},
	"openapi": "3.0.0",
	"paths": {
		"/posts": {
			"get": {
				"operationId": "GetPosts",
				"responses": {
					"200, OK": {
						"description": "",
						"content": {
							"application/json": {
								"schema": {
									"items": {
										"$ref": "#/components/schemas/SavedPost"
									},
									"type": "array"
								}
							}
						}
					}
				},
				"security": [],
				"parameters": []
			}
		},
		"/posts/{id}": {
			"get": {
				"operationId": "GetPost",
				"responses": {
					"200, OK": {
						"description": "",
						"content": {
							"application/json": {
								"schema": {
									"$ref": "#/components/schemas/SavedPost"
								}
							}
						}
					}
				},
				"security": [],
				"parameters": [
					{
						"in": "path",
						"name": "id",
						"required": true,
						"schema": {
							"type": "string"
						}
					}
				]
			},
			"delete": {
				"operationId": "DeletePost",
				"responses": {
					"200, OK": {
						"description": ""
					}
				},
				"security": [],
				"parameters": [
					{
						"in": "path",
						"name": "id",
						"required": true,
						"schema": {
							"type": "string"
						}
					}
				]
			},
			"patch": {
				"operationId": "UpdatePost",
				"responses": {
					"200, OK": {
						"description": "",
						"content": {
							"application/json": {
								"schema": {
									"$ref": "#/components/schemas/SavedPost"
								}
							}
						}
					}
				},
				"security": [],
				"parameters": [
					{
						"in": "path",
						"name": "id",
						"required": true,
						"schema": {
							"type": "string"
						}
					}
				],
				"requestBody": {
					"required": true,
					"content": {
						"application/json": {
							"schema": {
								"$ref": "#/components/schemas/PostModificationParams"
							}
						}
					}
				}
			}
		},
		"/users": {
			"get": {
				"operationId": "GetUsers",
				"responses": {
					"200, OK": {
						"description": "",
						"content": {
							"application/json": {
								"schema": {
									"items": {
										"$ref": "#/components/schemas/User"
									},
									"type": "array"
								}
							}
						}
					}
				},
				"security": [],
				"parameters": []
			},
			"post": {
				"operationId": "CreateUser",
				"responses": {
					"201, Created": {
						"description": "",
						"content": {
							"application/json": {
								"schema": {
									"$ref": "#/components/schemas/User"
								}
							}
						}
					}
				},
				"security": [],
				"parameters": [],
				"requestBody": {
					"required": true,
					"content": {
						"application/json": {
							"schema": {
								"$ref": "#/components/schemas/UserCreationParams"
							}
						}
					}
				}
			}
		},
		"/users/{username}": {
			"get": {
				"operationId": "GetUser",
				"responses": {
					"200, OK": {
						"description": "",
						"content": {
							"application/json": {
								"schema": {
									"$ref": "#/components/schemas/User"
								}
							}
						}
					}
				},
				"security": [],
				"parameters": [
					{
						"in": "path",
						"name": "username",
						"required": true,
						"schema": {
							"type": "string"
						}
					}
				]
			},
			"patch": {
				"operationId": "UpdateUser",
				"responses": {
					"200, OK": {
						"description": "",
						"content": {
							"application/json": {
								"schema": {
									"$ref": "#/components/schemas/User"
								}
							}
						}
					}
				},
				"security": [],
				"parameters": [
					{
						"in": "path",
						"name": "username",
						"required": true,
						"schema": {
							"type": "string"
						}
					}
				],
				"requestBody": {
					"required": true,
					"content": {
						"application/json": {
							"schema": {
								"$ref": "#/components/schemas/UserModificationParams"
							}
						}
					}
				}
			}
		},
		"/users/{username}/posts": {
			"get": {
				"operationId": "GetPosts",
				"responses": {
					"200, OK": {
						"description": "",
						"content": {
							"application/json": {
								"schema": {
									"items": {
										"$ref": "#/components/schemas/SavedPost"
									},
									"type": "array"
								}
							}
						}
					}
				},
				"security": [],
				"parameters": [
					{
						"in": "path",
						"name": "username",
						"required": true,
						"schema": {
							"type": "string"
						}
					}
				]
			},
			"post": {
				"operationId": "CreatePost",
				"responses": {
					"201, Created": {
						"description": "",
						"content": {
							"application/json": {
								"schema": {
									"$ref": "#/components/schemas/SavedPost"
								}
							}
						}
					}
				},
				"security": [],
				"parameters": [
					{
						"in": "path",
						"name": "username",
						"required": true,
						"schema": {
							"type": "string"
						}
					}
				],
				"requestBody": {
					"required": true,
					"content": {
						"application/json": {
							"schema": {
								"$ref": "#/components/schemas/PostCreationParams"
							}
						}
					}
				}
			}
		}
	},
	"servers": [
		{
			"url": "/"
		}
	]
}